{"base_lr": 4.999999999999998e-06, "lr": 4.999999999999998e-06, "data_time": 0.2219429636001587, "loss": 4.935083746910095, "loss_rpn_cls": 0.6799849748611451, "loss_rpn_bbox": 0.3151833726465702, "loss_cls": 0.3534304785728455, "acc": 78.3203125, "loss_bbox": 0.03604203328024596, "loss_mask": 3.55044291973114, "time": 1.2478113317489623, "epoch": 1, "iter": 50, "memory": 6435, "step": 50}
{"base_lr": 9.999999999999996e-06, "lr": 9.999999999999996e-06, "data_time": 0.19164737701416015, "loss": 2.706594581604004, "loss_rpn_cls": 0.6324773907661438, "loss_rpn_bbox": 0.2565969567373395, "loss_cls": 0.24960946291685104, "acc": 84.86328125, "loss_bbox": 0.17142906408756972, "loss_mask": 1.396481693983078, "time": 1.067502737045288, "epoch": 1, "iter": 100, "memory": 6466, "step": 100}
{"base_lr": 1.4999999999999978e-05, "lr": 1.4999999999999978e-05, "data_time": 0.17063315868377685, "loss": 2.3205887269973755, "loss_rpn_cls": 0.5254051476716995, "loss_rpn_bbox": 0.2068725483119488, "loss_cls": 0.2975748446583748, "acc": 88.76953125, "loss_bbox": 0.4100373475253582, "loss_mask": 0.8806988561153412, "time": 1.0505905294418334, "epoch": 1, "iter": 150, "memory": 7091, "step": 150}
{"base_lr": 1.9999999999999958e-05, "lr": 1.9999999999999958e-05, "data_time": 0.1554729413986206, "loss": 2.1324969792366026, "loss_rpn_cls": 0.42386496007442476, "loss_rpn_bbox": 0.20195011952891945, "loss_cls": 0.33621274784207344, "acc": 81.73828125, "loss_bbox": 0.49590944141149523, "loss_mask": 0.6745597112178803, "time": 1.007909746170044, "epoch": 1, "iter": 200, "memory": 6637, "step": 200}
{"base_lr": 2.499999999999997e-05, "lr": 2.499999999999997e-05, "data_time": 0.1589477014541626, "loss": 1.9170927429199218, "loss_rpn_cls": 0.31859724164009096, "loss_rpn_bbox": 0.19261466279625894, "loss_cls": 0.31105497539043425, "acc": 88.28125, "loss_bbox": 0.5312936082482338, "loss_mask": 0.5635322415828705, "time": 1.05272696018219, "epoch": 1, "iter": 250, "memory": 8057, "step": 250}
{"base_lr": 3.1799999999999946e-05, "lr": 3.1799999999999946e-05, "data_time": 0.16490917682647704, "loss": 1.6830105102062225, "loss_rpn_cls": 0.15226658821105957, "loss_rpn_bbox": 0.15866022113710643, "loss_cls": 0.31134076952934264, "acc": 85.15625, "loss_bbox": 0.5668401789665222, "loss_mask": 0.49390277206897737, "time": 1.0217718696594238, "epoch": 2, "iter": 318, "memory": 7513, "step": 318}
{"base_lr": 3.6799999999999925e-05, "lr": 3.6799999999999925e-05, "data_time": 0.18875211238861084, "loss": 1.735399683713913, "loss_rpn_cls": 0.12596739545464516, "loss_rpn_bbox": 0.1901974729448557, "loss_cls": 0.35189599841833114, "acc": 85.546875, "loss_bbox": 0.6200520423054695, "loss_mask": 0.4472867798805237, "time": 1.1157564735412597, "epoch": 2, "iter": 368, "memory": 6864, "step": 368}
{"base_lr": 4.179999999999991e-05, "lr": 4.179999999999991e-05, "data_time": 0.16897943496704101, "loss": 1.639939525127411, "loss_rpn_cls": 0.10970319740474224, "loss_rpn_bbox": 0.1769298380613327, "loss_cls": 0.33818772315979007, "acc": 85.05859375, "loss_bbox": 0.5972816956043243, "loss_mask": 0.41783708333969116, "time": 1.0589675951004027, "epoch": 2, "iter": 418, "memory": 7909, "step": 418}
{"base_lr": 4.679999999999987e-05, "lr": 4.679999999999987e-05, "data_time": 0.16975821018218995, "loss": 1.4953138959407806, "loss_rpn_cls": 0.08744444224983454, "loss_rpn_bbox": 0.14432232528924943, "loss_cls": 0.30501028686761855, "acc": 86.62109375, "loss_bbox": 0.5426033553481102, "loss_mask": 0.4159334844350815, "time": 1.0997111129760742, "epoch": 2, "iter": 468, "memory": 7158, "step": 468}
{"base_lr": 5.179999999999987e-05, "lr": 5.179999999999987e-05, "data_time": 0.14060114860534667, "loss": 1.5937857282161714, "loss_rpn_cls": 0.0895810441672802, "loss_rpn_bbox": 0.16037130065262317, "loss_cls": 0.34799298256635663, "acc": 83.203125, "loss_bbox": 0.5889519023895263, "loss_mask": 0.406888507604599, "time": 1.0003282308578492, "epoch": 2, "iter": 518, "memory": 6637, "step": 518}
{"coco/bbox_mAP": 0.286, "coco/bbox_mAP_50": 0.666, "coco/bbox_mAP_75": 0.18, "coco/bbox_mAP_s": 0.271, "coco/bbox_mAP_m": 0.412, "coco/bbox_mAP_l": -1.0, "coco/segm_mAP": 0.271, "coco/segm_mAP_50": 0.652, "coco/segm_mAP_75": 0.16, "coco/segm_mAP_s": 0.249, "coco/segm_mAP_m": 0.457, "coco/segm_mAP_l": -1.0, "data_time": 0.24495384052618227, "time": 0.6684258695858628, "step": 2}
{"base_lr": 5.859999999999984e-05, "lr": 5.859999999999984e-05, "data_time": 0.14360151290893555, "loss": 1.506710069179535, "loss_rpn_cls": 0.07500155732035636, "loss_rpn_bbox": 0.14220786390826107, "loss_cls": 0.3154154145717621, "acc": 89.35546875, "loss_bbox": 0.5736582386493683, "loss_mask": 0.400426989197731, "time": 1.021135129928589, "epoch": 3, "iter": 586, "memory": 6819, "step": 586}
{"base_lr": 6.359999999999988e-05, "lr": 6.359999999999988e-05, "data_time": 0.09421828746795655, "loss": 1.4335218179225921, "loss_rpn_cls": 0.07724251985549926, "loss_rpn_bbox": 0.13915886644273998, "loss_cls": 0.30291681945323945, "acc": 87.6953125, "loss_bbox": 0.5340351736545563, "loss_mask": 0.3801684355735779, "time": 0.9869300127029419, "epoch": 3, "iter": 636, "memory": 8178, "step": 636}
{"base_lr": 6.859999999999989e-05, "lr": 6.859999999999989e-05, "data_time": 0.1238393783569336, "loss": 1.459144915342331, "loss_rpn_cls": 0.07976942338049411, "loss_rpn_bbox": 0.15005104210227727, "loss_cls": 0.297201160043478, "acc": 87.98828125, "loss_bbox": 0.5447926416993141, "loss_mask": 0.38733064591884614, "time": 1.0219608926773072, "epoch": 3, "iter": 686, "memory": 6917, "step": 686}
{"base_lr": 7.359999999999986e-05, "lr": 7.359999999999986e-05, "data_time": 0.136923885345459, "loss": 1.511839530467987, "loss_rpn_cls": 0.07750866793096066, "loss_rpn_bbox": 0.16574503373354674, "loss_cls": 0.3264875327795744, "acc": 84.47265625, "loss_bbox": 0.5674194268882274, "loss_mask": 0.374678875207901, "time": 1.0588225173950194, "epoch": 3, "iter": 736, "memory": 6971, "step": 736}
{"base_lr": 7.85999999999998e-05, "lr": 7.85999999999998e-05, "data_time": 0.13934783458709718, "loss": 1.4134624701738359, "loss_rpn_cls": 0.07144509742036462, "loss_rpn_bbox": 0.14181288050487637, "loss_cls": 0.3023720136284828, "acc": 86.328125, "loss_bbox": 0.5242305870354176, "loss_mask": 0.37360189855098724, "time": 1.0583552455902099, "epoch": 3, "iter": 786, "memory": 7738, "step": 786}
{"base_lr": 8.539999999999983e-05, "lr": 8.539999999999983e-05, "data_time": 0.16119204521179198, "loss": 1.4374371314048766, "loss_rpn_cls": 0.0741172044724226, "loss_rpn_bbox": 0.14939445264637471, "loss_cls": 0.30717912554740906, "acc": 86.9140625, "loss_bbox": 0.5365455354750156, "loss_mask": 0.3702008104324341, "time": 1.0718181705474854, "epoch": 4, "iter": 854, "memory": 7329, "step": 854}
{"base_lr": 9.039999999999977e-05, "lr": 9.039999999999977e-05, "data_time": 0.129550199508667, "loss": 1.4263591945171357, "loss_rpn_cls": 0.06822206154465675, "loss_rpn_bbox": 0.1400490371324122, "loss_cls": 0.3033056853711605, "acc": 84.1796875, "loss_bbox": 0.5426413178443908, "loss_mask": 0.37214109659194944, "time": 1.0831300449371337, "epoch": 4, "iter": 904, "memory": 7390, "step": 904}
{"base_lr": 9.539999999999973e-05, "lr": 9.539999999999973e-05, "data_time": 0.12228517055511474, "loss": 1.4061776912212371, "loss_rpn_cls": 0.06981367601081728, "loss_rpn_bbox": 0.13607920512557029, "loss_cls": 0.31392657607793806, "acc": 84.86328125, "loss_bbox": 0.5254615485668183, "loss_mask": 0.3608966809511185, "time": 1.0448732328414918, "epoch": 4, "iter": 954, "memory": 6853, "step": 954}
{"base_lr": 9.999999999999968e-05, "lr": 9.999999999999968e-05, "data_time": 0.1426243829727173, "loss": 1.396835515499115, "loss_rpn_cls": 0.06674312885850668, "loss_rpn_bbox": 0.14094399591907858, "loss_cls": 0.30066469460725787, "acc": 93.26171875, "loss_bbox": 0.5229629838466644, "loss_mask": 0.36552070796489716, "time": 1.0819933700561524, "epoch": 4, "iter": 1004, "memory": 8538,